userID,itemID,rating
3,376,4
3,214,3
8,97,5
3,842,3
4,514,2
4,501,1
0,275,2
0,131,2
1,685,4
6,631,1
0,162,3
5,642,5
2,506,5
5,480,4
5,470,5
0,420,5
3,165,4
0,38,5
2,796,1
3,771,3
7,101,3
3,621,5
7,203,3
2,542,5
2,74,4
8,170,4
5,232,5
2,516,5
0,738,4
5,325,3
8,461,3
7,546,3
4,554,4
5,300,5
3,95,2
4,594,2
4,752,1
8,733,3
4,49,2
3,137,3
3,672,2
2,777,3
0,13,4
1,455,1
6,661,1
1,540,2
6,456,2
7,276,5
3,67,3
5,523,4
6,345,2
6,619,2
2,574,2
7,88,4
5,694,5
0,639,5
5,325,3
5,213,5
5,12,5
2,762,3
6,193,1
5,665,5
7,263,3
3,588,1
4,436,2
1,539,2
4,392,1
2,757,3
4,594,2
4,694,3
2,151,2
7,520,1
0,372,3
2,270,3
4,171,3
3,50,2
6,460,4
5,689,5
0,751,5
1,504,3
1,130,1
0,696,5
3,178,3
7,179,2
7,556,4
5,14,5
3,392,3
7,712,1
5,526,4
0,601,2
5,106,5
1,209,2
3,593,5
2,196,3
7,822,4
8,654,5
7,246,3
1,705,1
2,531,5
2,271,4
3,697,2
3,279,5
0,244,2
1,593,3
8,151,3
0,722,4
0,218,5
6,648,3
2,182,2
5,354,5
5,4,5
1,155,1
8,503,2
0,147,2
6,435,2
2,45,4
0,539,4
0,28,4
5,356,5
6,713,3
5,4,5
5,156,5
2,29,5
4,35,2
0,60,5
3,113,4
0,132,4
1,148,3
8,819,3
6,657,2
1,490,2
8,461,3
5,767,5
8,390,4
7,809,3
7,263,3
1,437,3
0,729,5
5,598,5
0,787,4
3,278,1
7,627,2
3,111,3
0,533,2
3,741,3
1,150,2
2,88,4
6,454,3
0,289,1
4,739,4
5,464,5
4,709,4
8,277,5
3,18,4
4,744,4
4,217,2
2,805,3
3,70,2
5,225,5
0,163,5
1,751,1
4,840,4
4,103,3
6,435,2
4,374,2
8,343,3
3,437,1
1,216,1
2,307,3
0,607,4
3,383,2
0,468,4
3,120,1
5,715,4
2,469,2
0,686,5
8,265,4
4,450,3
2,377,3
2,720,1
7,54,2
4,620,4
7,404,4
4,143,4
0,632,2
8,832,2
1,340,1
3,617,3
5,74,5
2,317,3
3,413,4
6,420,1
2,482,5
4,379,3
7,250,5
3,525,1
8,830,2
7,358,2
1,339,3
7,639,2
0,189,5
8,175,1
6,440,1
3,570,3
6,277,2
8,283,2
4,255,1
0,6,5
7,673,5
8,227,5
0,449,1
3,656,1
0,374,4
1,655,2
8,514,4
7,465,1
5,352,5
3,199,2
4,417,2
5,219,5
4,212,2
5,321,5
4,573,4
4,186,5
5,831,1
3,175,2
0,530,1
6,442,2
4,351,1
5,672,5
7,266,5
5,203,5
6,707,3
6,714,4
3,48,2
0,93,4
4,448,3
7,251,4
1,511,2
8,658,5
8,277,5
3,836,3
2,109,2
3,232,3
4,786,3
5,622,5
8,185,5
5,595,5
8,356,2
6,56,2
5,235,4
3,563,4
4,227,3
5,832,5
3,171,4
4,786,3
6,627,1
3,187,4
5,673,5
1,778,1
2,125,1
3,168,3
8,194,5
4,493,2
4,227,3
3,658,3
4,2,4
6,780,2
8,506,4
4,424,2
8,501,4
5,558,5
3,817,3
2,498,5
7,325,5
5,252,5
8,225,4
8,416,5
0,535,2
8,780,4
7,589,1
4,692,3
1,318,2
6,439,3
1,339,3
2,401,4
3,325,2
3,839,4
3,143,1
7,750,3
6,597,4
6,88,5
5,624,5
0,295,2
3,765,3
4,262,4
7,605,4
3,331,3
8,818,5
4,357,2
7,603,3
7,466,2
0,227,4
0,773,1
5,197,5
8,737,2
4,643,2
4,781,3
2,537,5
5,326,5
6,775,4
8,759,1
2,15,3
5,619,5
4,718,4
2,602,1
3,791,3
8,332,3
1,645,1
3,560,4
5,651,5
4,103,3
4,804,3
3,427,2
0,721,5
5,703,5
2,550,1
3,593,5
3,232,3
8,275,3
7,575,3
1,288,3
5,685,5
4,755,3
3,218,3
2,530,5
0,108,5
0,58,2
8,732,3
0,322,3
6,282,3
3,319,3
1,5,2
3,361,1
5,572,5
5,153,5
0,485,2
2,185,3
3,655,3
4,555,1
5,9,5
5,569,5
2,274,3
1,96,2
2,567,2
0,517,2
5,210,5
0,376,3
5,705,4
5,485,4
3,803,3
2,697,2
8,334,3
2,680,2
0,99,4
6,231,4
8,811,5
8,452,3
6,423,1
2,9,4
3,252,1
4,457,1
8,363,4
1,537,3
3,226,2
7,646,4
7,316,2
7,206,1
7,40,3
0,249,2
1,323,1
1,523,2
1,582,2
5,50,4
0,3,4
2,68,4
8,752,3
5,769,5
4,759,5
5,747,5
6,706,3
5,527,4
3,79,4
4,88,1
7,695,2
8,235,5
1,47,1
5,643,5
0,484,2
2,796,1
4,260,4
3,650,2
4,756,1
4,570,4
4,452,3
1,743,2
0,19,4
4,631,4
0,582,5
4,782,3
2,707,3
2,781,2
3,30,3
4,441,2
0,625,4
2,518,5
7,753,4
4,210,4
8,296,2
0,475,2
2,481,5
4,116,3
8,631,4
1,370,4
3,261,2
5,615,5
5,220,5
6,217,3
8,624,4
5,496,4
4,262,4
2,480,5
3,574,3
0,473,5
0,206,3
4,97,2
2,728,3
2,669,2
0,549,5
3,84,2
5,76,5
0,561,5
0,32,4
5,605,5
6,422,1
4,229,2
8,88,2
3,392,3
7,569,3
8,131,4
4,493,2
4,254,1
7,834,5
3,106,3
2,60,2
3,579,3
7,809,3
0,82,5
5,352,5
1,139,1
8,177,3
8,11,5
0,747,3
4,88,1
1,664,2
0,188,2
7,604,4
1,34,2
5,205,5
8,168,4
2,495,5
6,828,2
3,417,3
2,603,1
5,3,5
6,343,5
1,23,3
6,616,2
7,4,2
6,305,3
8,592,2
2,575,2
6,181,1
6,657,2
7,264,3
5,450,4
3,149,3
7,35,1
6,381,1
0,393,2
4,809,2
8,474,4
3,264,1
6,714,4
2,169,5
8,370,5
4,641,3
1,270,2
2,651,2
6,439,3
7,577,3
4,222,2
3,151,4
2,484,5
8,601,4
4,374,2
0,474,2
8,685,5
0,434,4
7,820,4
4,88,1
3,260,1
1,128,1
2,15,3
0,382,5
5,738,5
4,613,4
8,713,4
0,393,2
8,181,2
5,370,5
2,519,5
5,443,5
6,114,1
2,476,5
6,142,2
2,622,4
0,833,2
2,183,3
5,405,5
0,639,5
7,730,3
2,391,2
6,119,3
2,367,2
2,623,2
5,738,5
8,437,5
7,753,4
2,442,2
2,535,5
4,48,3
1,713,2
0,548,2
2,704,4
3,757,4
3,546,1
4,658,4
7,155,5
2,486,5
8,49,5
3,668,5
5,235,4
3,14,4
2,188,1
6,428,2
5,742,5
1,339,3
4,39,3
4,744,4
6,692,2
6,196,2
0,557,2
6,148,1
0,410,5
2,134,1
5,108,5
5,475,4
7,589,1
7,107,4
5,133,5
4,822,4
8,127,5
8,473,1
2,825,1
1,706,2
3,440,2
3,160,3
8,363,4
5,24,5
6,277,2
1,222,1
8,380,5
1,255,5
7,280,4
3,814,4
8,291,5
2,312,1
3,680,3
8,765,4
1,378,1
6,191,1
1,760,3
4,163,2
5,149,5
5,52,5
2,58,4
5,303,5
4,486,2
0,791,4
5,647,5
5,620,5
5,814,5
8,76,4
8,253,5
7,251,4
5,272,5
0,26,2
7,85,3
1,788,2
3,227,2
8,236,5
1,19,2
8,693,5
5,740,5
1,361,2
2,527,5
0,599,4
2,194,4
1,530,2
3,759,2
6,698,3
5,710,5
4,635,1
7,15,1
4,767,1
6,211,3
6,212,4
8,234,5
4,722,3
4,180,5
2,310,2
8,52,5
4,101,3
0,278,2
5,388,5
5,104,4
3,235,2
7,710,3
3,842,3
4,795,4
0,647,3
4,467,3
8,570,5
8,165,3
0,505,2
1,63,1
3,195,4
7,427,3
4,194,2
8,146,2
5,170,5
2,532,5
8,785,5
7,138,1
1,86,1
0,369,2
2,722,2
6,785,2
5,745,5
4,319,2
5,484,4
5,694,5
3,249,5
3,654,3
1,113,2
5,475,4
7,659,2
8,98,5
5,747,5
2,123,2
5,573,5
3,665,3
3,550,3
2,374,1
2,66,2
5,196,5
3,453,2
0,274,5
0,808,4
3,388,3
7,20,2
3,344,2
6,147,2
3,3,2
3,351,2
1,677,1
4,23,3
6,409,3
8,809,5
3,727,5
5,611,5
4,412,3
0,132,4
6,345,2
2,218,1
3,418,4
6,60,2
3,34,3
2,761,2
8,348,3
7,316,2
8,614,3
2,569,1
1,133,2
1,36,1
0,563,3
7,491,1
3,716,3
5,538,4
2,185,3
0,239,5
7,634,2
4,262,4
7,68,1
5,183,5
4,621,3
5,401,5
0,360,3
4,67,4
2,407,2
2,295,1
4,570,4
5,742,5
8,156,5
4,596,2
2,447,4
1,176,1
6,558,5
1,767,5
2,592,5
7,386,2
2,344,1
8,304,5
7,627,2
8,765,4
3,317,2
2,793,3
8,644,5
1,118,1
7,187,2
8,377,5
6,189,4
3,547,4
4,54,3
4,340,3
1,264,3
2,215,4
0,684,4
4,249,3
7,539,1
8,486,4
8,817,5
7,777,2
1,687,2
2,841,5
5,470,5
1,536,2
4,178,5
8,617,4
8,168,4
7,652,1
1,165,1
4,802,4
7,427,3
5,525,4
0,790,4
4,610,4
7,111,4
8,337,4
8,779,4
8,401,5
0,823,4
2,191,2
3,251,3
5,213,5
5,234,5
7,93,1
4,827,2
1,830,4
7,10,2
6,161,1
2,672,1
2,543,5
7,733,5
7,337,3
3,647,5
2,238,2
7,606,3
0,687,4
2,502,5
8,820,4
8,594,4
2,334,2
5,316,5
1,707,2
4,752,1
8,26,2
2,232,3
2,728,3
1,370,4
5,683,5
7,401,2
7,295,3
6,547,2
3,420,4
3,246,4
0,729,5
8,615,4
4,185,1
0,766,5
6,262,3
3,718,2
6,381,1
1,648,2
1,707,2
7,91,1
1,376,4
4,250,2
6,217,3
0,134,3
8,310,3
0,286,5
2,544,5
7,594,5
4,223,1
1,531,2
4,81,3
3,0,3
7,784,4
2,21,2
2,783,2
5,799,5
4,172,2
1,462,2
1,670,2
5,785,5
6,705,2
7,642,2
8,106,3
8,269,5
8,321,1
0,712,5
5,818,4
0,485,2
1,639,4
7,660,4
5,747,5
0,238,4
5,223,5
7,325,5
8,356,2
0,141,5
1,812,1
3,670,3
5,4,5
7,797,4
3,718,2
3,741,3
1,807,1
8,43,5
1,120,3
3,312,4
2,629,5
0,647,3
7,101,3
4,415,3
3,69,3
8,808,5
3,836,3
1,793,1
8,150,4
1,412,2
0,401,3
8,728,5
2,507,5
8,340,5
3,108,4
7,728,3
3,447,2
4,284,2
5,406,5
7,566,3
8,235,5
8,283,2
7,197,3
0,132,4
4,66,5
3,465,4
7,606,3
2,778,4
5,684,3
3,794,4
2,739,2
6,791,2
4,507,2
2,680,2
4,275,1
8,275,3
5,192,5
5,493,3
0,14,4
5,492,4
2,366,1
8,346,3
6,624,1
5,332,5
4,162,4
7,245,1
8,159,3
0,204,3
6,183,1
5,480,4
0,621,4
8,327,2
7,821,4
3,381,2
0,416,3
5,224,5
0,39,5
5,835,5
3,37,3
8,574,5
8,746,3
8,715,5
2,82,3
3,455,4
8,762,5
4,129,3
3,713,4
3,317,2
4,605,5
5,489,4
1,572,1
0,492,2
3,536,1
0,334,5
2,10,4
4,182,2
0,102,4
4,19,3
4,428,4
6,409,3
0,812,5
2,737,4
0,163,5
8,633,4
2,391,2
3,188,3
5,536,4
5,264,2
2,418,3
0,578,5
0,589,4
4,443,3
6,845,3
7,593,4
3,41,2
4,825,4
0,757,2
5,301,4
2,101,5
4,102,3
3,582,3
7,671,3
3,361,1
3,840,1
4,814,3
3,432,4
2,668,1
2,499,5
4,693,3
8,648,1
3,633,3
6,322,4
6,200,3
8,237,5
0,516,3
5,275,4
0,45,1
5,277,4
4,310,4
2,686,2
0,202,1
6,60,2
8,565,4
6,483,2
5,663,5
5,378,5
6,824,1
1,843,3
5,321,5
0,785,4
1,314,5
8,103,5
2,153,4
5,316,5
8,298,5
0,681,4
1,268,3
3,572,3
3,662,2
8,210,5
8,64,5
3,596,1
5,357,3
8,237,5
4,440,3
7,670,1
7,643,5
4,152,3
4,582,3
0,506,2
0,225,2
3,447,2
3,6,3
5,682,5
3,79,4
0,782,1
3,389,4
1,123,2
5,760,5
8,332,3
3,657,4
0,798,5
5,819,5
5,6,5
5,423,5
3,303,4
4,390,5
4,332,4
6,788,2
7,185,4
8,283,2
0,438,3
3,751,3
0,265,1
8,88,2
0,6,5
3,354,1
0,675,5
5,724,5
2,334,2
8,826,2
6,55,2
3,71,2
3,640,2
1,291,2
7,464,4
8,488,2
5,424,5
7,92,2
6,632,1
8,510,4
6,453,4
4,34,3
5,452,5
8,81,4
8,99,5
5,481,4
4,10,1
5,325,3
5,805,5
7,171,5
8,331,5
7,204,4
5,237,5
6,422,1
1,125,4
5,361,4
2,823,2
3,108,4
0,724,5
4,223,1
3,709,3
3,323,3
5,801,5
7,666,2
0,657,5
7,88,4
8,644,5
2,162,5
7,679,4
1,530,2
4,844,4
0,515,2
3,715,3
2,535,5
3,461,1
0,386,5
5,518,4
8,48,5
8,675,4
8,28,5
7,564,3
1,37,2
0,311,4
3,422,3
1,619,2
4,194,2
8,36,5
8,448,5
6,223,4
2,150,1
0,165,4
8,235,5
3,151,4
5,485,4
1,589,2
0,621,4
3,266,3
6,204,2
8,343,3
7,91,1
2,196,3
4,380,2
8,515,4
0,441,2
8,16,5
3,363,4
8,677,4
4,231,2
5,317,5
0,662,5
4,627,4
8,737,2
3,572,3
8,269,5
7,633,3
4,227,3
2,772,1
4,165,3
7,100,1
0,256,4
3,350,1
0,367,5
5,329,5
8,323,5
2,222,2
2,406,1
1,523,2
6,780,2
4,754,3
1,167,5
2,672,1
0,212,3
4,445,3
3,612,1
1,587,2
2,0,2
3,301,3
7,257,3
4,534,2
5,44,5
2,23,4
7,122,5
4,556,5
0,78,5
8,286,2
5,844,5
7,341,4
3,333,3
0,244,2
5,129,5
4,212,2
7,204,4
1,529,2
4,142,4
8,519,4
8,25,3
1,411,1
7,145,4
5,166,5
6,411,2
3,399,3
6,196,2
2,247,1
8,471,5
2,500,5
3,162,2
5,397,5
8,844,2
7,206,1
8,497,3
8,241,3
0,759,3
5,31,5
0,242,5
3,405,1
8,819,3
5,327,4
0,412,5
5,815,5
0,628,2
7,821,4
8,366,3
6,178,1
7,559,5
5,778,5
2,675,2
7,335,5
8,59,4
2,337,1
4,10,1
7,612,5
3,15,4
2,702,2
2,626,1
7,703,1
1,836,4
1,364,1
1,361,2
4,770,2
6,70,3
3,3,2
7,149,3
0,514,2
7,686,3
0,54,3
8,335,1
2,68,4
2,182,2
8,459,5
0,5,1
7,18,2
7,781,5
0,409,2
3,639,3
4,257,3
6,1,2
4,759,5
7,829,2
3,833,1
7,271,5
8,234,5
5,500,4
5,304,1
3,102,3
0,782,1
5,751,2
4,770,3
5,674,3
3,815,4
8,228,4
5,62,5
3,76,3
2,486,5
8,845,3
5,415,5
8,230,5
8,174,2
7,182,5
3,739,5
4,795,4
7,544,2
3,365,3
6,64,2
0,344,3
3,725,1
4,389,2
4,118,2
3,325,2
5,30,5
8,26,2
5,483,4
5,362,5
6,381,1
8,520,3
4,91,4
7,329,3
5,817,5
6,305,3
1,261,1
2,487,5
5,173,5
1,666,2
4,673,3
6,239,1
0,108,5
3,213,1
1,578,4
8,379,5
5,440,5
2,542,5
8,304,5
7,831,5
2,334,2
7,160,3
7,769,3
0,834,3
4,600,4
3,800,4
5,12,5
4,148,5
8,118,5
3,750,2
7,582,4
5,591,5
1,26,1
2,365,2
2,40,2
3,807,3
5,671,4
5,581,5
8,289,2
8,409,5
3,247,3
5,834,4
8,685,5
0,491,3
8,613,4
4,763,2
2,368,2
0,431,4
5,228,5
8,81,4
4,59,5
5,815,5
3,464,1
8,392,5
3,557,1
5,721,5
0,596,5
2,663,4
8,39,2
2,812,2
4,515,2
4,613,4
4,191,2
1,444,2
1,439,3
5,213,5
0,739,1
0,564,2
8,606,4
2,813,1
4,801,2
1,195,1
6,717,2
5,407,5
3,663,4
8,487,3
5,753,5
8,258,5
1,163,3
7,428,1
2,135,5
5,332,5
3,96,3
0,235,3
6,774,5
3,693,4
2,652,4
1,663,2
5,111,5
2,453,1
2,53,2
5,189,5
3,85,3
4,827,2
1,571,2
7,282,5
4,371,4
2,769,2
8,611,3
6,707,3
7,412,3
6,227,3
3,705,3
0,159,4
7,539,1
0,58,2
7,214,2
7,181,3
2,27,2
3,261,2
8,35,2
7,718,2
4,153,2
4,196,1
8,10,5
4,514,2
3,717,4
6,779,2
7,132,2
1,406,2
4,231,2
5,282,5
0,535,2
7,423,2
0,177,2
3,456,4
6,366,5
1,716,4
8,677,4
3,33,2
0,601,2
8,375,5
5,388,5
4,189,1
3,457,5
6,552,5
0,755,4
8,472,5
3,397,2
4,300,1
3,201,3
5,281,4
1,547,2
0,760,4
5,601,5
5,655,4
6,233,3
8,298,5
0,192,4
8,266,2
0,434,4
8,844,2
6,724,3
0,800,4
2,759,3
3,426,4
6,52,4
2,483,5
5,457,5
2,441,3
8,194,5
4,461,2
1,464,2
6,420,1
5,279,2
8,812,4
0,764,5
2,671,1
7,529,1
5,776,5
5,461,5
6,283,5
1,241,4
1,830,4
5,634,5
2,173,2
3,297,3
5,719,5
8,815,4
2,515,5
8,517,4
2,49,4
0,547,4
2,539,5
7,35,1
1,778,1
0,491,3
7,125,2
6,45,2
0,785,4
8,56,5
5,772,5
1,362,2
0,397,4
0,767,3
5,548,4
7,445,5
8,567,5
2,482,5
6,573,2
6,106,1
0,528,2
5,256,5
8,524,2
7,280,4
1,113,2
6,351,4
3,150,2
7,673,5
4,181,5
7,594,5
1,800,2
0,13,4
4,78,3
6,2,1
7,206,1
5,829,5
4,242,1
5,789,5
2,501,5
5,611,5
7,677,5
8,468,5
5,580,3
2,109,2
8,619,4
3,60,3
3,635,2
8,490,4
7,432,4
6,92,3
7,150,5
2,631,2
6,758,4
0,668,4
4,10,1
2,651,2
6,356,4
6,728,1
6,814,1
4,308,5
8,392,5
1,417,1
3,657,4
1,843,3
8,326,4
7,735,5
3,98,2
5,501,3
8,768,4
5,534,4
7,55,4
8,391,5
2,416,1
0,527,2
0,690,5
8,764,4
1,186,2
7,449,2
0,3,4
5,743,5
7,824,3
4,99,3
7,738,2
3,44,3
4,178,5
2,797,1
4,645,2
7,602,5
8,611,3
4,539,4
5,494,4
7,197,3
0,502,2
8,710,4
2,458,2
4,231,2
8,74,5
3,411,4
4,666,3
5,650,4
8,381,5
3,670,3
1,63,1
2,180,1
2,637,1
5,102,5
2,425,2
8,725,4
3,279,5
4,655,1
3,194,1
2,505,5
6,434,1
3,312,4
5,835,5
5,128,5
2,697,2
5,486,3
7,738,2
7,22,1
5,231,5
7,452,2
1,411,1
7,104,5
5,822,5
3,217,4
2,641,3
8,645,3
3,588,1
7,788,4
1,272,1
0,49,3
1,621,2
1,531,2
2,444,5
6,222,3
3,803,3
0,797,5
0,528,2
2,522,5
7,491,1
7,731,5
0,633,5
6,283,5
2,307,3
1,794,1
1,166,1
8,768,4
6,393,3
7,658,2
0,747,3
2,508,5
6,723,4
5,520,5
2,725,3
7,840,4
5,499,4
2,432,2
7,544,2
0,785,4
0,628,2
8,88,2
5,528,4
6,222,3
7,667,4
8,549,3
8,619,4
8,615,4
0,527,2
6,285,2
5,835,5
0,576,5
1,303,3
5,601,5
8,309,5
4,774,5
8,25,3
6,571,2
6,282,3
4,160,5
8,615,4
8,427,4
0,827,5
5,462,5
6,313,5
0,49,3
5,351,5
6,440,1
8,142,3
4,716,3
3,69,3
2,676,2
5,412,5
2,312,1
5,648,4
1,210,2
3,706,4
8,495,4
3,777,4
2,30,2
6,74,1
4,664,1
3,13,2
8,377,5
5,43,5
0,483,3
0,433,3
6,337,2
8,392,5
4,403,2
8,94,5
2,737,4
7,27,3
2,238,2
2,660,3
5,686,5
5,426,5
2,157,4
8,588,5
5,235,4
2,532,5
4,815,3
3,722,3
1,465,2
6,550,5
0,447,2
0,447,2
4,87,1
3,36,3
8,752,3
7,590,5
5,278,4
6,648,3
0,651,5
0,588,2
5,384,5
0,739,1
0,375,4
1,785,2
3,176,4
6,283,5
8,517,4
2,84,4
7,114,4
2,196,3
6,135,1
6,620,1
6,70,3
2,718,3
6,343,5
8,711,5
2,445,2
6,231,4
0,765,5
8,260,3
6,324,4
5,487,4
7,427,3
5,348,5
6,718,4
8,316,4
4,681,1
1,67,2
2,427,1
5,138,5
5,793,5
7,130,5
3,57,3
7,666,2
1,7,3
1,448,1
7,600,4
5,288,5
0,835,3
6,790,2
5,556,5
4,106,2
6,830,3
1,178,2
1,227,1
4,733,2
8,683,5
5,521,4
7,346,4
5,564,4
0,169,2
5,222,5
2,508,5
5,4,5
7,45,3
4,154,2
7,686,3
5,557,4
4,555,1
5,79,5
7,607,5
8,158,2
0,813,5
5,360,2
6,73,3
0,650,5
0,177,2
8,456,3
2,717,2
4,826,4
3,375,2
3,136,2
2,469,2
0,314,2
0,117,4
1,323,1
1,511,2
0,678,5
4,25,3
5,747,5
4,106,2
3,620,3
2,663,4
8,680,4
2,633,2
6,798,2
7,802,2
7,250,5
2,556,1
2,526,5
0,242,5
0,355,2
3,838,3
8,407,5
3,591,1
0,678,5
3,773,3
7,136,4
8,362,4
8,561,4
2,32,4
4,663,2
0,414,3
0,281,3
0,837,1
0,441,2
0,415,4
2,810,3
3,402,1
1,519,2
3,79,4
4,427,3
4,330,3
8,398,4
5,283,4
5,518,4
4,223,1
8,626,4
7,279,4
8,133,3
3,238,4
4,311,1
8,238,5
7,472,2
0,573,4
3,464,1
3,250,3
5,537,4
3,377,1
3,209,5
1,183,2
0,161,2
0,70,5
5,470,5
8,185,5
5,249,5
7,370,3
5,395,5
0,569,4
0,729,5
5,217,5
1,62,1
5,122,4
4,551,1
7,767,2
6,782,4
0,297,5
0,453,5
3,593,5
1,87,3
8,159,3
1,383,1
3,214,3
1,515,1
3,741,3
2,26,3
2,368,2
2,528,5
8,150,4
5,320,5
3,668,5
5,359,5
6,166,2
1,305,1
7,92,2
1,686,2
6,360,5
0,505,2
7,35,1
6,686,1
0,576,5
0,259,2
8,361,5
5,51,3
3,673,2
0,548,2
5,135,5
7,118,3
5,780,5
0,199,5
5,805,5
6,483,2
3,341,2
1,673,1
0,126,4
6,567,2
8,135,3
0,678,5
8,411,5
5,132,5
7,189,2
8,521,2
4,725,4
8,783,5
2,482,5
5,450,4
8,468,5
2,186,1
7,189,2
3,471,3
3,460,3
0,568,4
4,579,4
5,228,5
4,392,1
3,146,1
2,437,2
6,224,4
4,384,4
6,355,2
0,694,5
8,381,5
6,356,4
1,643,2
4,47,2
5,218,5
5,430,5
3,349,3
4,476,2
6,509,1
3,293,2
4,269,3
4,336,2
3,696,3
1,87,3
4,676,4
4,660,1
3,578,1
2,756,3
4,59,5
4,278,3
2,841,5
3,842,3
8,595,2
4,754,3
7,413,1
5,623,5
5,9,5
3,368,3
7,126,2
4,194,2
6,806,2
8,636,5
4,475,2
2,748,1
6,832,4
5,124,5
8,737,2
6,557,5
0,521,3
2,131,2
1,484,3
3,9,3
1,504,3
8,467,5
5,443,5
6,463,5
4,282,3
0,505,2
4,339,4
8,467,5
5,475,4
4,448,3
2,375,1
0,126,4
8,298,5
3,274,1
5,402,2
0,205,4
8,606,4
4,140,5
0,194,4
5,419,5
0,138,5
6,389,2
5,150,5
8,599,3
4,441,2
3,312,4
1,326,3
1,290,5
4,609,4
5,819,5
3,422,3
2,718,3
5,781,4
3,623,3
8,1,4
1,240,4
1,578,4
0,374,4
4,428,4
7,307,2
7,120,4
2,433,3
8,8,5
6,135,1
8,601,4
3,445,4
8,369,4
6,586,3
8,712,4
5,558,5
4,222,2
7,79,3
4,651,3
8,37,5
8,473,1
0,822,2
2,133,1
3,612,1
2,739,2
5,396,4
7,248,5
0,148,4
6,394,4
7,427,3
0,485,2
1,444,2
2,84,4
2,448,4
3,211,1
5,332,5
1,63,1
4,785,3
8,21,5
3,8,4
4,7,5
6,123,4
8,807,5
1,746,1
8,780,4
5,155,4
5,43,5
2,668,1
2,176,2
2,659,3
7,592,3
8,438,5
7,757,5
0,138,5
5,381,5
5,728,5
5,129,5
0,660,3
5,345,4
3,399,3
0,22,5
4,284,2
6,779,2
2,710,2
4,814,3
8,488,2
0,441,2
4,799,3
8,207,5
0,653,1
2,20,1
5,278,4
2,578,2
7,694,2
8,542,3
3,313,4
5,779,5
7,3,3
6,96,1
5,745,5
8,270,5
8,559,5
0,375,4
4,625,2
6,126,1
1,773,2
5,560,5
5,73,5
4,823,2
5,413,5
3,619,3
7,382,2
0,162,3
2,616,2
5,293,4
0,686,5
2,794,2
8,731,1
0,601,2
3,799,3
7,155,5
0,294,3
3,278,1
1,130,1
6,412,2
0,311,4
8,202,5
3,469,3
1,495,2
2,785,1
3,289,3
4,93,2
0,430,5
1,577,1
0,25,2
5,312,5
4,636,5
3,595,3
4,108,3
1,749,3
0,717,5
7,452,2
1,491,2
3,724,1
4,490,3
2,142,1
0,593,3
3,615,3
6,198,3
8,147,3
3,311,5
4,799,3
6,402,4
6,774,5
5,648,4
1,183,2
1,531,2
7,377,2
3,143,1
2,147,1
5,503,4
5,414,5
5,745,5
7,262,5
8,752,3
1,236,2
0,452,4
2,821,2
0,384,5
5,351,5
4,467,3
5,77,5
4,227,3
7,766,5
3,131,3
2,784,2
0,1,5
1,101,2
5,748,5
8,381,5
7,555,2
2,10,4
7,579,3
1,182,4
6,40,1
8,372,4
4,250,2
2,543,5
8,75,5
2,841,5
3,724,1
7,842,4
6,661,1
5,81,5
0,171,4
5,654,5
7,774,3
8,593,5
3,803,3
4,569,4
8,410,4
0,599,4
8,590,4
4,752,1
8,425,5
5,807,5
3,236,3
4,739,4
4,703,2
3,682,2
1,146,3
4,494,2
3,22,3
1,284,2
4,0,4
3,743,3
6,214,1
8,35,2
0,522,2
4,403,2
3,325,2
5,681,4
5,626,5
3,785,4
0,10,3
4,475,2
7,316,2
5,480,4
7,325,5
8,640,4
7,459,3
1,538,2
4,348,2
1,791,2
6,328,5
8,62,4
8,829,4
5,662,3
0,235,3
4,737,3
4,230,4
1,0,2
0,605,1
7,390,1
4,803,2
2,71,4
8,85,2
1,12,1
7,201,1
1,636,1
6,227,3
2,686,2
2,744,3
5,499,4
0,428,5
3,72,2
0,625,4
4,370,1
2,549,2
7,139,4
0,381,4
6,344,4
2,826,1
1,102,1
4,472,4
0,820,5
2,840,3
6,166,2
4,165,3
8,764,4
1,220,1
2,538,5
5,54,5
2,549,2
4,827,2
4,174,4
2,759,3
4,443,3
4,787,4
3,320,5
7,27,3
3,613,3
3,364,2
4,132,1
3,630,4
0,566,4
8,524,2
5,23,5
0,190,2
2,2,3
7,629,1
0,597,2
2,20,1
3,765,3
7,247,5
6,61,3
5,85,5
6,283,5
7,709,2
8,503,2
4,59,5
1,755,2
5,747,5
3,703,2
4,768,1
2,554,3
6,697,3
5,737,5
0,98,4
5,316,5
4,370,1
3,576,3
8,245,4
4,131,5
3,729,3
8,613,4
7,233,4
6,724,3
3,0,3
2,483,5
7,684,5
3,289,3
1,468,1
8,218,4
4,789,3
2,550,1
7,7,2
8,264,5
4,557,3
7,45,3
0,50,5
2,543,5
2,503,5
7,137,1
3,582,3
5,622,5
7,608,2
4,253,1
0,799,4
5,628,5
3,191,5
7,637,5
5,749,4
1,187,2
7,341,4
5,27,5
5,369,5
3,306,2
3,325,2
4,429,3
4,791,3
6,699,4
5,616,4
7,187,2
3,9,3
5,488,4
6,463,5
3,276,3
4,755,3
0,515,2
8,406,4
0,123,1
3,24,4
8,209,4
5,193,5
3,224,2
8,516,2
2,790,1
1,264,3
8,505,4
4,453,2
1,587,2
7,711,1
5,671,4
4,16,4
0,413,4
4,358,3
5,537,4
5,627,5
5,12,5
8,82,4
7,454,1
3,769,4
8,540,4
2,599,3
7,50,1
4,142,4
8,778,3
7,224,2
5,50,4
7,380,2
5,601,5
3,603,4
2,638,2
3,167,1
7,733,5
5,447,5
5,140,5
6,12,2
1,783,2
1,531,2
0,666,5
4,21,2
1,346,4
8,745,3
3,278,1
5,332,5
4,512,2
0,104,1
7,757,5
4,776,2
5,410,4
4,180,5
4,439,1
5,753,5
7,212,3
3,759,2
5,780,5
1,144,1
5,482,3
8,573,5
1,789,2
1,457,2
8,342,4
5,213,5
1,270,2
8,77,5
1,387,1
4,211,5
6,463,5
1,60,1
1,798,1
7,453,3
3,393,1
3,73,4
0,215,5
8,217,5
8,72,4
3,93,3
0,835,3
5,814,5
2,76,5
0,217,4
5,348,5
3,668,5
5,816,5
5,532,4
1,194,3
3,618,4
2,191,2
3,195,4
2,190,2
5,481,4
3,828,4
3,163,4
5,94,4
6,815,2
8,555,5
0,731,4
1,315,2
0,690,5
3,133,4
7,766,5
4,17,3
5,530,4
2,101,5
8,730,2
3,269,4
4,268,2
4,385,3
3,9,3
2,784,2
5,356,5
3,215,3
8,141,4
3,63,4
8,77,5
3,767,4
3,239,2
2,479,5
8,419,2
7,258,3
7,439,4
5,538,4
7,83,2
5,745,5
0,530,1
1,600,3
1,524,1
5,817,5
0,466,3
7,456,5
2,784,2
1,519,2
0,187,5
0,500,2
0,557,2
8,458,4
4,608,3
1,518,3
7,310,4
0,739,1
0,260,5
6,96,1
7,625,2
5,34,5
2,655,2
4,52,1
2,53,2
7,714,1
8,150,4
0,235,3
5,793,5
3,788,3
4,73,3
7,209,3
6,172,2
5,290,5
2,508,5
7,376,2
5,530,4
1,804,1
3,198,3
8,839,4
4,711,3
1,826,2
5,266,4
4,86,3
2,143,2
7,130,5
8,533,4
0,291,1
5,831,1
1,331,1
4,386,2
0,406,5
3,677,2
7,795,2
7,675,5
5,296,5
8,397,1
8,246,3
3,52,3
6,577,2
5,283,4
8,294,4
0,743,4
8,349,1
8,636,5
5,74,5
5,359,5
5,632,5
6,670,3
8,206,5
8,554,1
7,462,4
0,635,3
3,717,4
5,663,5
7,609,5
8,166,5
7,124,4
4,340,3
8,614,3
6,452,1
1,253,3
7,721,3
8,178,4
2,24,3
8,707,4
7,263,3
2,382,1
5,317,5
3,279,5
4,292,3
4,155,4
3,776,1
1,125,4
0,615,5
4,622,3
2,505,5
3,672,2
4,41,5
0,627,5
4,31,4
5,743,5
7,735,5
3,234,1
0,659,5
0,627,5
8,766,3
0,88,3
8,189,3
0,553,3
1,720,2
2,693,2
8,844,2
6,277,2
0,608,2
3,333,3
7,298,3
0,504,2
2,208,3
1,840,2
8,533,4
8,682,5
8,463,2
0,742,2
6,575,2
5,225,5
4,629,4
0,432,3
2,664,3
7,139,4
3,732,2
0,299,3
7,699,1
0,838,2
5,836,5
0,425,4
6,646,2
5,335,5
5,568,5
5,361,4
5,107,5
7,472,2
5,613,5
4,513,2
6,58,1
3,381,2
2,298,1
4,532,2
3,105,3
6,384,2
1,60,1
7,731,5
4,365,3
1,340,1
2,446,5
7,325,5
8,462,1
4,507,2
0,766,5
5,4,5
3,716,3
1,686,2
0,216,5
5,444,4
0,86,5
2,827,1
0,17,4
6,345,2
7,414,2
8,459,5
0,4,4
0,516,3
5,403,5
3,420,4
7,794,3
0,115,5
6,815,2
3,589,2
0,634,2
4,193,5
5,562,4
4,503,3
3,466,4
4,43,4
5,713,5
3,348,4
1,268,3
1,316,3
1,104,2
5,202,3
3,842,3
3,354,1
8,816,4
3,611,5
1,573,1
0,698,5
8,584,5
3,55,2
6,101,1
5,585,5
5,592,4
5,371,5
2,469,2
1,553,4
3,36,3
8,326,4
7,647,4
7,444,5
4,236,2
5,832,5
3,78,2
6,620,1
2,572,2
8,794,5
1,363,2
8,94,5
5,242,3
4,358,3
5,206,5
2,6,2
7,123,5
7,660,4
3,773,3
5,819,5
3,740,4
5,582,5
6,120,2
6,227,3
4,463,4
4,211,5
0,261,3
4,190,4
4,788,3
1,62,1
3,286,1
4,200,2
2,546,5
7,468,4
7,75,2
2,105,4
8,232,5
8,91,5
7,595,4
1,663,2
3,324,2
8,277,5
6,567,2
7,640,5
3,133,4
8,774,2
5,86,5
8,803,4
1,685,4
2,506,5
6,212,4
4,827,2
3,808,3
0,242,5
6,322,4
5,199,5
7,781,5
2,49,4
3,467,3
5,28,5
8,27,5
2,282,1
0,177,2
3,457,5
2,5,5
2,589,4
6,155,3
5,481,4
7,716,2
1,315,2
1,301,1
2,490,5
2,132,3
8,514,4
5,1,5
0,24,4
8,191,4
5,302,3
8,462,1
4,616,5
5,745,5
6,200,3
5,182,5
8,530,3
0,348,5
8,179,4
2,696,1
0,556,4
2,537,5
2,465,2
5,372,5
3,651,1
8,778,3
6,174,3
5,589,5
3,53,4
8,605,3
2,115,2
6,780,2
5,30,5
7,27,3
5,783,5
3,35,4
8,309,5
8,554,1
7,101,3
5,606,5
8,745,3
8,411,5
4,362,3
3,194,1
6,72,3
0,377,4
7,750,3
7,31,3
0,309,1
8,382,2
8,86,2
6,314,4
2,480,5
1,313,3
6,368,1
7,421,2
3,762,1
0,183,4
4,602,2
8,674,4
5,424,5
7,444,5
0,559,3
3,196,4
3,181,4
0,547,4
2,416,1
3,154,4
8,235,5
4,648,3
5,467,5
4,544,3
8,554,1
0,428,5
8,436,5
4,811,2
3,654,3
8,582,4
0,208,4
7,150,5
0,208,4
3,435,1
5,501,3
0,39,5
0,643,4
3,255,3
3,77,1
8,780,4
7,702,3
1,261,1
0,636,2
8,513,4
6,362,2
4,646,4
8,72,4
7,353,2
2,285,4
8,242,2
3,44,3
2,466,2
1,540,2
3,325,2
4,145,3
5,58,4
4,687,4
2,757,3
2,695,4
5,787,5
1,638,2
1,531,2
2,136,2
6,122,2
4,51,2
0,578,5
7,660,4
3,37,3
0,805,4
5,477,4
2,616,2
7,339,2
2,497,5
5,75,3
4,642,5
5,224,5
0,281,3
5,137,5
3,330,2
3,372,2
5,657,5
1,7,3
6,648,3
2,623,2
7,316,2
7,265,3
4,18,3
4,447,3
4,577,4
5,239,5
5,808,5
3,662,2
4,514,2
3,718,2
6,694,2
4,202,2
0,562,3
0,168,2
0,13,4
2,681,3
3,751,3
6,63,2
7,335,5
8,681,5
5,751,2
6,15,2
7,136,4
4,616,5
5,414,5
2,821,2
2,661,2
0,340,2
1,523,2
3,695,1
0,588,2
7,758,1
0,72,2
1,574,1
1,273,5
5,700,5
7,212,3
2,536,5
2,533,5
8,139,3
8,332,3
4,135,3
5,17,5
0,139,2
2,11,2
4,336,2
1,18,2
0,601,2
4,53,4
0,83,3
5,263,5
0,827,5
4,250,2
6,262,3
6,90,1
8,285,5
3,567,3
8,657,4
5,324,5
7,195,3
1,173,2
5,95,5
2,534,5
5,322,5
5,805,5
0,286,5
0,212,3
7,694,2
3,264,1
6,620,1
7,842,4
0,374,4
3,608,4
8,11,5
5,823,5
1,104,2
2,348,4
0,535,2
8,102,4
3,72,2
2,165,5
2,554,3
4,45,4
7,175,5
8,70,4
8,432,5
0,811,4
3,756,4
5,60,5
7,146,4
3,770,3
5,444,4
1,589,2
4,680,3
0,731,4
7,770,4
8,366,3
4,810,2
5,692,4
3,663,4
0,164,4
8,580,5
6,784,2
8,415,4
1,197,2
5,675,4
5,553,5
0,265,1
5,273,4
5,251,5
3,295,5
7,702,3
4,14,3
6,381,1
0,281,3
0,213,2
4,495,1
2,47,3
5,838,5
2,45,4
5,2,5
4,122,3
5,646,5
8,97,5
7,335,5
0,581,4
0,776,4
0,156,3
4,573,4
6,292,2
5,573,5
7,119,4
0,810,4
2,193,2
0,191,4
3,273,3
5,559,3
3,149,3
8,727,3
0,492,2
5,47,5
3,680,2
3,286,1
2,644,1
6,646,2
7,667,4
2,182,2
8,645,3
5,359,5
4,225,4
5,299,5
3,273,3
0,440,2
1,587,2
4,772,2
5,121,5
8,266,2
8,646,2
5,785,5
5,656,5
2,114,2
5,546,5
2,142,1
7,651,4
1,36,1
7,352,5
6,789,2
0,254,3
3,728,2
1,465,2
4,298,2
5,22,5
8,251,5
3,685,1
1,650,3
0,188,2
4,797,3
5,401,5
3,36,3
2,95,4
8,123,5
4,628,2
1,413,3
0,668,4
7,318,5
0,182,3
3,146,1
5,320,5
3,91,2
7,354,2
4,392,1
7,565,3
5,13,5
8,336,4
7,766,5
0,518,2
1,313,3
3,122,3
4,148,5
7,556,4
8,668,2
1,534,3
6,345,2
7,4,2
1,313,3
6,404,3
8,213,4
7,147,4
5,469,5
6,277,2
0,582,5
6,603,2
1,244,4
8,89,5
1,579,1
3,308,3
6,552,5
2,828,2
4,752,1
3,679,5
3,442,3
7,408,5
7,109,5
5,2,5
1,346,4
0,309,1
2,637,1
2,380,3
4,576,4
1,305,1
5,496,4
8,522,4
3,84,2
2,112,2
7,110,3
2,166,2
8,737,2
2,337,1
3,295,5
0,716,5
0,437,3
4,756,1
6,807,4
0,581,4
7,80,1
0,510,2
2,157,4
8,576,4
3,371,3
3,777,4
5,519,3
0,738,4
5,421,5
7,212,3
5,410,4
1,293,3
8,546,4
8,103,5
4,803,2
3,257,2
8,181,2
0,402,5
7,228,3
8,682,5
5,116,5
8,217,5
8,803,4
3,472,3
0,384,5
5,797,5
4,705,3
6,174,3
3,201,3
2,802,2
7,575,3
0,838,2
1,693,1
5,752,5
1,540,2
4,542,2
3,209,5
0,500,2
7,174,4
0,531,3
5,639,5
5,187,5
8,305,5
0,777,5
0,845,5
5,394,5
1,843,3
4,644,2
1,773,2
1,519,2
0,120,3
0,269,1
2,520,5
2,533,5
2,796,1
2,67,3
5,609,5
8,254,4
8,402,5
8,174,2
7,29,2
4,739,4
0,88,3
3,651,1
8,771,1
4,133,4
4,417,2
7,700,1
4,435,4
5,779,5
0,17,4
7,491,1
0,652,5
6,14,2
4,756,1
4,6,2
0,663,5
8,224,4
4,539,4
8,175,1
0,121,4
4,508,2
5,693,4
0,568,4
8,360,1
7,805,4
2,511,5
8,415,4
0,246,5
1,119,2
5,128,5
6,797,2
2,516,5
6,2,1
5,223,5
5,537,4
2,488,5
1,539,2
0,554,5
2,195,2
0,647,3
2,508,5
7,331,4
4,210,4
2,489,5
0,729,5
0,637,4
7,217,3
2,207,3
2,132,3
7,261,5
8,505,4
2,592,5
0,91,4
3,760,5
7,709,2
3,736,2
1,639,4
0,306,5
7,758,1
7,624,2
4,180,5
5,835,5
8,383,5
0,244,2
7,29,2
3,244,5
4,247,2
2,111,3
8,10,5
1,841,4
7,707,1
7,353,2
0,665,2
4,17,3
6,658,2
8,30,5
6,161,1
1,569,2
8,117,5
0,336,4
1,359,3
4,723,2
8,450,4
1,146,3
5,798,5
7,713,1
5,30,5
5,488,4
3,251,3
5,284,5
4,238,2
3,746,3
1,712,2
3,67,3
3,401,1
3,705,3
8,517,4
7,112,4
5,646,5
3,287,4
0,27,4
1,711,4
5,373,5
8,311,3
4,495,1
1,623,1
4,71,2
2,494,5
3,756,4
0,348,5
4,257,3
1,117,2
8,393,5
0,384,5
4,554,4
1,664,2
2,467,1
3,811,3
7,520,1
7,492,3
1,106,4
3,83,4
8,476,4
0,463,5
4,171,3
1,773,2
5,476,3
2,186,1
8,349,1
0,442,3
8,122,5
5,435,5
4,296,1
4,734,2
8,283,2
7,707,1
4,687,4
6,723,4
1,311,2
5,405,5
8,588,5
2,99,5
8,37,5
1,827,4
3,631,3
8,551,2
6,654,2
6,729,2
4,336,2
0,553,3
3,44,3
5,545,4
1,291,2
8,549,3
3,739,5
6,808,2
8,653,5
2,298,1
4,701,4
7,428,1
1,526,3
0,212,3
3,755,2
2,156,2
1,171,2
6,721,3
5,430,5
5,486,3
5,786,5
4,785,3
5,534,4
7,544,2
4,1,2
1,515,1
7,180,3
0,580,2
4,380,2
5,431,5
4,654,3
1,526,3
0,751,5
6,549,1
4,180,5
1,170,1
8,516,2
1,458,1
8,400,5
3,309,4
0,637,4
0,14,4
5,806,5
7,211,2
8,689,5
0,646,5
8,371,5
5,493,3
7,613,3
1,530,2
0,46,3
2,307,3
3,794,4
0,57,4
2,477,5
1,350,2
0,667,3
8,698,4
5,805,5
4,309,3
4,250,2
0,76,2
5,261,5
3,790,3
7,152,5
8,756,2
8,262,3
3,372,2
2,13,4
0,29,2
6,165,2
0,548,2
3,229,5
6,54,1
2,111,3
3,316,1
7,67,1
5,742,5
3,28,2
7,131,4
5,779,5
8,374,5
5,252,5
4,393,4
8,430,4
8,721,4
5,421,5
6,331,2
8,700,4
2,636,4
4,196,1
8,131,4
4,158,4
1,529,2
5,75,3
6,718,4
8,636,5
4,278,3
4,10,1
4,788,3
8,1,4
5,681,4
5,563,5
3,756,4
8,788,5
7,243,5
3,692,3
0,553,3
5,528,4
4,94,4
1,36,1
6,555,5
2,367,2
3,334,4
3,640,2
2,842,5
5,192,5
5,814,5
6,830,3
8,488,2
5,276,4
6,407,3
4,567,4
4,16,4
6,574,2
8,780,4
5,534,4
2,808,2
0,835,3
4,605,5
5,687,5
0,299,3
8,589,5
6,2,1
7,677,5
2,191,2
4,793,4
1,290,5
5,586,5
0,53,2
5,601,5
4,641,3
5,112,5
0,785,4
6,407,3
2,700,2
1,743,2
0,602,4
5,521,4
6,595,4
0,421,5
1,241,4
0,682,2
5,443,5
7,259,4
2,473,2
4,438,3
2,270,3
5,786,5
4,16,4
1,615,1
5,317,5
5,98,5
0,291,1
8,788,5
8,474,4
3,663,4
6,680,3
6,404,3
6,433,2
1,319,2
8,513,4
2,389,4
8,262,3
8,372,4
1,548,1
5,289,5
4,806,3
4,632,2
3,469,3
5,247,5
1,364,1
6,839,5
4,667,5
8,8,5
2,802,2
5,784,5
4,300,1
3,358,4
0,337,5
8,795,4
7,217,3
7,228,3
2,652,4
4,478,2
3,60,3
7,54,2
4,178,5
6,692,2
8,231,3
0,432,3
2,444,5
2,676,2
5,381,5
1,85,2
0,784,4
1,412,2
5,730,5
4,33,4
6,627,1
3,283,3
1,178,2
7,102,5
6,324,4
2,358,2
5,492,4
0,656,5
2,18,1
3,231,1
0,751,5
8,350,4
5,335,5
5,329,5
5,665,5
0,286,5
3,615,3
7,813,4
7,694,2
2,508,5
8,435,5
3,748,3
5,59,5
8,785,5
3,273,3
8,746,3
4,475,2
7,24,2
7,672,4
1,447,1
8,643,3
3,555,4
1,664,2
5,739,5
1,491,2
0,310,1
1,765,1
5,577,5
7,464,4
2,434,5
6,422,1
5,216,5
8,130,3
8,78,4
6,433,2
8,506,4
2,405,3
2,511,5
0,786,4
0,466,3
4,726,4
5,787,5
5,747,5
5,674,3
0,811,4
4,507,2
2,6,2
8,525,3
5,357,3
0,58,2
6,149,2
0,406,5
8,465,5
7,633,3
5,688,5
6,248,5
3,842,3
6,66,1
4,597,2
2,389,4
7,128,3
7,465,1
0,12,4
8,159,3
8,335,1
0,228,5
3,54,4
6,370,2
2,828,2
8,42,4
8,263,2
8,17,5
3,279,5
6,62,3
2,833,3
5,538,4
2,251,2
4,676,4
8,762,5
4,611,4
1,237,2
0,86,5
2,691,3
5,738,5
0,761,5
7,45,3
7,412,3
0,662,5
6,267,3
8,436,5
5,766,4
8,746,4
4,593,1
0,694,5
8,818,5
5,482,3
4,398,3
7,699,1
5,347,5
8,459,5
3,654,3
2,539,5
7,181,3
0,269,1
3,564,5
0,662,5
0,39,5
6,174,3
3,18,4
8,264,5
5,439,5
1,836,4
2,157,4
1,450,1
6,154,2
8,343,3
2,183,3
7,723,1
2,545,5
2,80,3
0,699,2
4,507,2
4,405,2
3,162,2
7,491,1
8,561,4
4,486,2
1,101,2
1,811,1
3,410,2
8,743,1
6,631,1
3,274,1
7,729,4
4,540,3
7,247,5
8,463,2
5,241,5
3,135,2
4,30,4
7,114,4
4,415,3
4,253,1
5,809,5
8,287,1
1,300,5
8,242,2
6,683,3
8,592,2
8,599,3
5,496,4
6,626,2
7,654,4
7,378,3
3,94,2
2,123,2
7,385,4
0,722,4
4,268,2
8,496,3
4,13,3
0,113,4
4,20,3
8,602,4
2,169,5
7,158,5
8,327,2
6,307,5
7,572,4
8,381,5
4,467,3
0,446,3
0,834,3
0,530,1
8,678,4
6,90,1
0,734,5
2,496,5
5,802,5
2,387,2
1,291,2
5,819,5
1,179,1
8,677,4
0,643,4
2,647,3
3,326,3
4,109,2
5,254,5
8,47,5
7,224,2
2,756,3
3,797,2
8,220,4
3,255,3
3,386,4
0,811,4
8,815,4
8,525,3
4,718,4
5,252,5
2,667,2
2,99,5
0,102,4
3,733,4
8,133,3
2,495,5
1,516,1
6,318,3
2,561,1
0,698,5
2,769,2
5,45,5
0,755,4
5,668,3
8,136,5
5,134,5
5,557,4
6,103,2
7,83,2
3,3,2
8,691,4
2,668,1
4,326,1
6,303,5
0,116,5
2,744,3
5,245,5
8,185,5
1,842,2
8,700,4
1,664,2
3,307,4
4,201,3
1,87,3
1,134,2
3,266,3
2,475,5
3,91,2
5,253,5
4,373,2
3,361,1
6,801,1
8,63,4
8,55,3
5,234,5
2,447,4
1,280,2
4,574,4
8,338,3
3,191,5
5,560,5
4,406,3
8,49,5
1,807,1
1,205,1
1,299,4
4,513,2
4,523,3
6,153,3
5,503,4
0,420,5
6,152,1
3,786,3
5,743,5
1,87,3
3,36,3
5,822,5
5,308,5
4,53,4
6,70,3
8,820,4
2,799,1
3,674,2
5,726,5
6,832,4
7,491,1
5,721,5
0,41,4
0,762,5
8,269,5
4,346,5
1,547,2
6,817,2
3,140,3
4,118,2
5,605,5
1,273,5
4,726,4
0,260,5
4,314,2
3,350,1
0,569,4
2,520,5
7,438,2
1,317,4
7,82,1
8,127,5
3,617,3
8,327,2
1,573,1
3,771,3
8,383,5
4,406,3
7,4,2
2,8,1
4,364,5
3,661,3
6,832,4
8,459,5
7,807,2
2,560,2
3,81,4
4,210,4
3,193,2
8,74,5
3,749,1
8,407,5
5,52,5
8,654,5
0,272,3
7,83,2
1,550,4
8,343,3
4,472,4
5,346,5
3,187,4
3,345,1
6,666,1
4,441,2
2,395,2
5,48,4
2,785,1
8,471,5
8,497,3
5,834,4
1,844,5
8,157,2
0,675,5
4,443,3
0,3,4
3,153,4
2,425,2
3,117,3
0,647,3
0,86,5
5,5,5
3,133,4
5,650,4
3,307,4
0,604,1
5,565,5
8,590,4
4,647,1
0,222,4
6,50,2
6,272,4
3,758,3
8,656,4
7,318,5
8,196,5
8,666,4
6,595,4
5,185,5
2,467,1
3,665,3
5,617,5
5,475,4
4,366,2
8,643,3
3,405,1
5,840,5
3,645,4
0,596,5
0,62,2
8,765,4
5,721,5
7,123,5
4,816,3
2,737,4
3,132,3
5,713,5
8,674,4
4,711,3
8,455,5
7,242,5
4,390,5
3,619,3
5,238,5
3,352,3
5,790,5
4,526,2
7,58,2
8,516,2
8,199,4
1,713,2
0,431,4
2,46,4
8,201,5
0,502,2
4,803,2
7,792,3
0,423,4
4,9,5
0,387,4
5,113,5
2,668,1
7,466,2
1,638,2
8,700,4
7,59,2
0,755,4
7,751,4
5,824,5
7,734,5
6,715,2
7,327,5
6,382,4
2,503,5
8,608,4
1,495,2
2,476,5
6,111,1
2,389,4
5,837,4
2,526,5
3,647,5
3,557,1
1,315,2
2,761,2
8,152,4
8,188,5
5,304,1
3,411,4
2,833,3
5,487,4
5,59,5
4,474,2
7,337,3
2,303,3
5,755,5
0,260,5
7,736,3
0,281,3
8,62,4
8,72,4
3,387,3
5,150,5
5,65,5
0,50,5
4,389,2
8,263,2
2,186,1
5,94,4
0,806,4
3,820,3
5,818,4
3,842,3
1,699,3
8,803,4
5,705,4
8,177,3
6,778,2
4,475,2
8,411,5
0,50,5
5,487,4
3,743,3
3,18,4
2,440,4
0,46,3
5,451,5
8,340,5
8,381,5
2,570,2
2,541,5
5,15,5
6,367,3
5,81,5
3,101,2
4,1,2
8,712,4
1,755,2
3,118,4
2,73,2
0,335,2
6,830,3
2,464,3
5,152,4
5,552,5
1,809,1
4,776,2
2,185,3
8,548,3
8,812,4
2,344,1
2,174,1
7,581,3
7,100,1
6,271,3
8,336,4
8,606,4
6,218,2
4,300,1
3,776,1
1,491,2
5,143,5
0,155,5
1,637,2
7,332,2
3,394,1
3,837,2
1,138,3
3,414,4
8,462,1
0,393,2
8,427,4
0,435,2
1,85,2
0,432,3
6,158,2
3,636,3
2,533,5
4,291,3
7,35,1
5,633,5
6,6,1
0,115,5
3,232,3
5,626,5
5,665,5
4,654,3
6,454,3
5,69,5
8,309,5
0,710,5
8,160,5
2,610,2
7,580,1
0,771,5
1,468,1
4,828,3
4,9,5
0,268,3
7,802,2
5,350,5
7,346,4
2,739,2
5,95,5
3,169,3
3,0,3
8,283,2
3,246,4
6,176,3
7,789,4
6,345,2
3,240,1
1,302,2
6,65,2
3,657,4
3,59,2
5,279,2
3,635,2
0,5,1
2,66,2
7,154,3
7,254,2
3,739,5
2,531,5
2,737,4
8,110,4
7,260,5
4,16,4
5,494,4
1,289,4
7,249,4
4,226,3
4,270,1
8,797,4
5,114,4
5,690,5
1,422,3
7,325,5
0,441,2
7,335,5
5,93,5
0,113,4
2,561,1
6,613,2
7,54,2
5,593,4
8,382,2
8,829,4
1,205,1
7,436,1
5,763,5
4,250,2
2,82,3
6,824,1
3,385,1
3,180,2
3,784,3
8,694,4
1,311,2
4,120,2
1,493,1
3,124,3
7,415,2
4,309,3
7,153,2
4,521,3
7,76,1
8,466,5
8,594,4
5,63,5
5,164,5
3,329,5
5,138,5
8,768,4
8,307,3
8,211,4
5,485,4
1,422,3
4,690,2
7,40,3
4,33,4
3,600,2
1,209,2
6,294,2
2,68,4
4,37,2
6,84,1
2,51,5
1,173,2
8,372,4
3,637,5
2,802,2
5,139,5
3,166,3
5,442,5
2,37,4
4,254,1
4,211,5
2,407,2
6,696,3
5,688,5
7,132,2
1,692,1
0,269,1
5,369,5
8,626,4
3,289,3
4,48,3
2,517,5
3,45,2
2,315,4
7,789,4
1,584,2
5,685,5
5,534,4
6,709,3
2,538,5
2,107,2
7,229,4
3,563,4
1,719,2
5,104,4
0,706,5
0,518,2
0,246,5
5,324,5
7,116,3
2,60,2
7,176,5
3,234,1
8,511,4
7,296,3
4,727,4
8,43,5
6,277,2
3,442,3
3,701,3
7,682,4
6,549,1
2,188,1
6,653,2
4,461,2
5,482,3
1,315,2
5,477,4
0,760,4
2,153,4
4,384,4
5,708,5
8,381,5
4,414,2
8,608,4
4,658,4
8,205,5
4,594,2
0,102,4
8,441,5
5,86,5
2,636,4
5,181,5
6,276,5
3,736,2
0,333,4
8,568,5
0,742,2
7,201,1
8,489,3
3,685,1
8,805,5
2,810,3
8,336,4
6,403,3
6,597,4
7,119,4
2,118,3
0,179,3
0,321,2
5,36,4
3,380,4
4,292,3
7,386,2
4,449,4
3,423,3
2,72,4
5,484,4
4,132,1
8,579,4
2,716,1
5,31,5
3,384,3
2,672,1
4,802,4
3,189,4
5,428,5
3,150,2
0,758,5
6,239,1
5,93,5
8,525,3
7,436,1
0,47,4
1,648,2
5,139,5
6,453,4
4,461,2
6,716,2
3,371,3
4,681,1
5,128,5
8,673,4
3,54,4
1,478,3
8,41,1
8,813,4
4,378,3
0,117,4
3,581,3
5,789,5
5,607,5
4,718,4
8,686,3
3,728,2
3,353,4
7,224,2
4,783,4
2,529,5
6,199,3
4,434,3
5,606,5
8,557,5
3,640,2
8,128,3
2,766,3
0,342,5
6,226,3
2,821,2
3,458,3
5,392,5
1,288,3
5,822,5
2,491,5
8,398,4
5,542,4
0,394,4
2,488,5
2,549,2
7,788,4
5,780,5
4,753,2
4,388,1
7,300,3
4,151,5
3,241,5
6,426,2
0,746,4
4,1,2
5,162,5
2,221,1
8,686,3
4,619,4
1,129,1
0,176,2
0,222,4
3,133,4
2,509,5
7,824,3
5,741,4
7,804,2
0,747,3
5,448,5
5,235,4
6,212,4
8,690,4
2,510,5
4,104,3
8,73,5
2,511,5
7,771,2
8,577,4
0,551,5
4,576,4
1,351,3
2,389,4
7,454,1
3,447,2
1,837,3
4,420,3
0,192,4
7,733,5
0,236,4
7,44,1
7,723,1
5,233,5
3,743,3
0,445,1
3,598,4
1,272,1
3,664,5
7,165,2
3,718,2
4,817,3
8,397,1
3,312,4
4,754,3
4,20,3
3,556,3
2,58,4
6,808,2
5,294,5
4,560,2
5,420,5
4,332,4
5,7,5
5,626,5
2,700,2
5,263,5
5,29,4
0,87,5
5,129,5
6,356,4
5,132,5
2,1,1
4,467,3
4,632,2
5,113,5
8,356,2
3,387,3
6,37,1
8,514,4
0,273,2
1,92,1
2,821,2
3,163,4
7,687,2
3,433,1
4,650,1
5,178,5
7,124,4
0,136,3
3,438,4
4,440,3
4,820,3
8,161,4
4,179,5
8,426,5
2,502,5
1,302,2
2,315,4
4,144,4
5,412,5
2,95,4
2,431,3
4,761,1
7,468,4
5,13,5
4,362,3
5,488,4
5,278,4
2,375,1
1,413,3
7,791,4
4,70,4
7,180,3
3,722,3
6,143,2
6,111,1
7,341,4
0,657,5
0,153,1
5,526,4
7,244,4
6,166,2
3,631,3
7,32,1
4,136,4
5,746,5
0,140,4
7,786,4
1,305,1
6,683,3
3,627,3
1,685,4
7,740,3
8,304,5
8,57,5
3,412,4
0,661,5
3,210,3
3,374,4
5,745,5
2,233,2
5,387,5
8,69,5
1,144,1
6,11,4
4,373,2
8,659,4
7,157,2
7,796,2
8,561,4
2,506,5
8,644,5
4,442,4
3,429,3
8,344,4
1,538,2
4,547,3
5,33,5
0,123,1
7,346,4
3,550,3
6,681,2
0,58,2
6,102,2
6,587,4
5,621,4
8,709,4
1,164,4
1,302,2
4,525,2
0,115,5
3,178,3
5,205,5
5,833,5
8,627,4
4,753,2
8,803,4
7,459,3
0,492,2
0,268,3
0,537,2
0,570,4
5,115,5
4,597,2
4,121,3
7,125,2
5,428,5
2,114,2
7,581,3
7,296,3
1,546,2
8,511,4
5,484,4
5,354,5
0,106,5
7,369,4
5,138,5
3,199,2
0,675,5
5,251,5
4,64,4
4,631,4
5,714,5
5,259,5
4,165,3
1,73,1
2,101,5
8,661,4
4,555,1
6,95,1
5,222,5
8,329,1
0,696,5
2,348,4
8,402,5
7,190,4
0,563,3
0,804,4
7,492,3
2,520,5
7,684,5
6,602,3
5,263,5
4,686,4
5,689,5
2,798,3
7,790,4
6,615,3
3,605,4
2,400,2
5,256,5
1,182,4
5,845,4
3,769,4
0,533,2
5,481,4
7,85,3
4,212,2
7,346,4
8,198,5
8,342,4
3,806,4
8,420,4
3,585,1
1,163,3
1,317,4
2,347,4
0,25,2
7,666,2
6,272,4
4,570,4
8,230,5
3,48,2
6,815,2
6,336,2
5,286,4
3,556,3
1,417,1
6,439,3
4,77,3
2,224,1
4,815,3
7,815,2
6,60,2
8,390,4
2,221,1
5,34,5
6,83,1
5,134,5
7,716,2
6,648,3
3,381,2
4,148,5
5,409,5
3,668,5
0,464,5
0,731,4
4,737,3
6,608,5
7,17,2
7,149,3
8,155,2
2,769,2
3,144,3
4,744,4
6,612,2
6,828,2
0,78,5
6,324,4
8,75,5
0,706,5
8,832,2
2,481,5
5,193,5
7,546,3
5,573,5
0,660,3
3,464,1
1,226,1
5,803,5
7,770,4
8,490,4
4,264,5
7,781,5
4,809,2
8,409,5
0,28,4
0,804,4
1,249,1
6,652,3
0,178,3
8,567,5
3,723,3
2,498,5
3,312,4
7,757,5
6,262,3
5,769,5
5,319,4
8,86,2
5,97,5
2,101,5
5,564,4
8,764,4
6,559,2
2,39,5
2,697,2
8,498,2
3,264,1
3,51,4
4,444,3
8,840,2
3,766,1
2,476,5
4,178,5
5,674,3
2,510,5
0,578,5
6,379,2
8,736,4
4,605,5
4,365,3
5,195,5
3,430,3
5,221,5
7,782,5
8,399,5
8,510,4
7,28,3
7,203,3
1,623,1
0,751,5
0,95,5
4,308,5
6,345,2
3,242,4
4,614,4
2,501,5
5,619,5
5,404,5
4,90,4
8,428,4
8,144,3
2,534,5
8,745,3
6,443,4
5,501,3
4,632,2
8,324,3
8,401,5
0,273,2
4,28,4
4,78,3
3,388,3
3,184,3
8,515,4
6,282,3
3,648,5
4,574,4
1,656,2
5,214,5
1,31,1
6,122,2
0,456,4
1,315,2
7,117,4
2,304,4
5,687,5
0,453,5
5,378,5
6,299,2
7,607,5
6,797,2
5,411,5
4,37,2
8,669,4
0,20,4
5,641,5
3,75,3
8,95,4
7,771,2
6,74,1
0,153,1
8,442,5
1,411,1
2,488,5
8,104,5
2,238,2
5,242,3
6,183,1
0,731,4
8,719,5
4,200,2
8,88,2
0,232,4
7,798,2
1,624,4
5,830,5
5,392,5
5,579,5
3,706,4
4,379,3
2,728,3
4,5,4
0,653,1
2,24,3
0,553,3
8,633,4
4,636,5
1,260,3
3,240,1
0,518,2
3,342,3
3,473,3
3,762,1
4,737,3
8,212,5
0,502,2
0,268,3
2,600,2
8,584,5
8,330,4
0,835,3
0,334,5
5,461,5
1,718,1
0,53,2
0,744,5
5,376,5
2,493,5
5,266,4
7,79,3
8,495,4
7,361,3
5,317,5
7,161,2
8,415,4
2,380,3
0,552,2
7,400,3
4,573,4
4,216,2
8,688,5
3,94,2
5,72,5
2,69,2
8,608,4
6,368,1
1,479,2
0,30,4
3,29,5
8,525,3
5,485,4
6,11,4
0,241,2
2,481,5
7,823,1
6,840,3
3,157,5
5,656,5
0,240,5
8,607,4
4,269,3
2,722,2
2,697,2
6,784,2
0,255,2
8,709,4
4,217,2
4,2,4
0,836,2
0,651,5
8,122,5
8,807,5
3,827,4
0,533,2
8,281,5
1,13,2
1,154,1
2,492,5
1,209,2
3,554,2
4,821,5
3,765,3
0,200,4
4,337,4
1,698,2
8,275,3
4,733,2
1,823,3
0,724,5
0,52,2
3,687,5
8,704,5
4,288,1
2,423,4
3,536,1
5,60,5
1,827,4
4,309,3
6,154,2
2,528,5
3,776,1
0,454,4
0,402,5
1,522,3
0,441,2
2,374,1
5,38,5
0,640,4
0,770,5
6,231,4
6,142,2
4,21,2
7,740,3
4,571,4
8,691,4
8,415,4
8,110,4
8,60,4
0,752,4
0,505,2
4,615,2
8,234,5
5,680,5
7,709,2
5,448,5
8,6,4
0,732,4
5,445,3
2,145,1
5,150,5
2,502,5
5,564,4
3,68,2
8,826,2
3,153,4
4,475,2
3,827,4
1,149,4
8,574,5
8,178,4
7,208,3
1,637,2
2,486,5
0,3,4
8,595,2
1,244,4
0,110,5
4,80,2
5,102,5
4,111,4
7,769,3
0,776,4
0,358,5
2,98,2
0,120,3
4,723,2
8,451,5
8,193,4
2,312,1
0,320,2
5,256,5
0,776,4
0,440,2
2,311,3
5,782,4
3,810,4
3,651,1
5,624,5
3,554,2
5,349,5
8,84,5
2,63,3
1,86,1
7,245,1
7,7,2
6,701,3
1,163,3
5,436,5
7,201,1
1,561,2
4,470,1
2,433,3
5,802,5
0,334,5
2,179,2
0,601,2
8,94,5
4,605,5
2,199,1
2,489,5
2,604,2
2,519,5
2,517,5
5,242,3
0,335,2
4,77,3
0,180,3
4,364,5
2,478,5
0,358,5
5,146,5
8,457,2
4,70,4
3,551,3
5,543,4
8,46,5
3,465,4
0,649,3
7,794,3
0,287,5
1,343,1
5,556,5
7,685,4
8,748,4
4,517,2
8,505,4
4,172,2
5,812,5
0,387,4
1,280,2
5,631,5
2,711,2
4,42,4
2,513,5
6,806,2
4,89,4
6,724,3
8,784,5
2,312,1
8,726,4
6,153,3
5,219,5
6,217,3
2,446,5
5,593,4
0,597,2
2,465,2
2,665,1
5,379,5
0,811,4
3,372,2
0,565,4
5,417,5
5,654,5
4,312,2
4,298,2
3,662,2
8,316,4
6,440,1
0,683,2
4,438,3
5,186,4
6,72,3
8,170,4
4,433,4
5,538,4
8,613,4
2,95,4
3,255,3
5,431,5
0,289,1
3,53,4
8,829,4
7,69,1
6,816,3
7,777,2
7,654,4
8,517,4
8,128,3
5,484,4
2,710,2
2,519,5
5,498,4
6,378,4
7,740,3
